class0_count,class0_pct,class1_count,class1_pct,n_total
33888,55.49132947976879,27181,44.50867052023121,61069
