Model,PCA,Val Acc,Test Acc,F1 (weighted),Train time (s),Notes
kNN,None,0.9993450139184542,1.0,1.0,1.0967254638671875e-05,k=3
kNN,95% var,0.9994268871786475,1.0,1.0,1.1920928955078125e-05,k=3
GD Logreg,None,0.8638447682986736,0.8610610774521041,0.8611811679890486,1.1354427337646484,"lr=0.1, l2=0.0"
GD Logreg,95% var,0.8355984935320124,0.8353528737514327,0.8356246119895422,0.8398110866546631,"lr=0.1, l2=0.0"
Decision Tree,None,0.9981169150155559,0.9990175208776814,0.9990174849839125,0.39333009719848633,max_depth=None
Decision Tree,95% var,0.9947601113476339,0.9963975765514983,0.9963973125289743,4.378681898117065,max_depth=None
